model_family,candidate_id,training_seconds,forecasting_seconds,negative_predictions,MAE,RMSE,WAPE,param_n_estimators,param_max_depth,param_min_samples_split,param_min_samples_leaf,param_max_features,param_learning_rate,param_subsample,param_colsample_bytree
random_forest,rf_01_baseline,15.528332499990938,1.7323293999943417,0,1.1777869892561896,2.2783358058061522,0.7517154612728403,100,16,2.0,2.0,sqrt,,,
random_forest,rf_02_more_trees,31.10453179999604,1.9394030999974348,0,1.178460528470858,2.2871160439646783,0.7521453436251319,200,16,2.0,2.0,sqrt,,,
random_forest,rf_05_regularised,131.97696100000758,2.1143710000033025,0,1.1989770325718836,2.3123184378055077,0.7652398789568122,150,20,10.0,4.0,0.5,,,
random_forest,rf_03_more_features,111.14552609997918,1.6998949999979232,0,1.2204222931432802,2.3639884974367567,0.7789271875190543,150,16,2.0,2.0,0.5,,,
random_forest,rf_06_all_features,194.98382510000374,1.9654063000052702,0,1.2501350518169991,2.351290764509757,0.7978911770144799,150,18,5.0,2.0,1.0,,,
random_forest,rf_04_deeper,392.3025537999929,1.6650809999846388,0,1.328084043569118,2.462177609770803,0.847641652121784,150,24,2.0,1.0,0.5,,,
xgboost,xgb_01_baseline,2.570148099999642,1.6048685999994632,0,1.247357968461488,2.408887949373099,0.7961187202675263,300,6,,,,0.05,0.8,0.8
xgboost,xgb_04_deeper,4.348158100008732,1.6152323000133038,0,1.251904788907499,2.3909264746655188,0.7990207010671754,400,8,,,,0.03,0.8,0.8
xgboost,xgb_03_shallower,2.768772799987346,1.4697882999898866,0,1.25202227246987,2.3631166416884017,0.799095684244172,400,4,,,,0.05,0.9,0.9
xgboost,xgb_02_slow_learning,4.527973399992334,1.6832816999813076,0,1.2576989509736893,2.4097021829053222,0.8027187901528992,500,6,,,,0.03,0.8,0.8
xgboost,xgb_05_faster_learning,2.1111968999903183,1.6726218999829143,0,1.263686575395888,2.3354103783948834,0.8065403554236312,250,5,,,,0.08,0.9,0.9
