item_id,dept_id,cat_id,historical_observations,total_historical_sales,mean_daily_sales,zero_rate,zero_rate_rank,demand_group
FOODS_1_010,FOODS_1,FOODS,1430,318,0.22237762237762237,0.8412587412587412,95.0,high_intermittency
FOODS_2_016,FOODS_2,FOODS,1724,8848,5.132250580046404,0.1769141531322506,5.0,low_intermittency
FOODS_2_071,FOODS_2,FOODS,394,142,0.3604060913705584,0.7461928934010152,81.0,high_intermittency
FOODS_2_149,FOODS_2,FOODS,1885,1338,0.709814323607427,0.5984084880636604,61.0,medium_intermittency
FOODS_2_246,FOODS_2,FOODS,758,228,0.3007915567282322,0.8245382585751979,92.0,high_intermittency
FOODS_2_280,FOODS_2,FOODS,1885,606,0.32148541114058354,0.7957559681697612,89.0,high_intermittency
FOODS_2_286,FOODS_2,FOODS,737,680,0.9226594301221167,0.5440976933514247,51.0,medium_intermittency
FOODS_2_301,FOODS_2,FOODS,898,877,0.9766146993318485,0.477728285077951,37.0,medium_intermittency
FOODS_2_307,FOODS_2,FOODS,1367,3623,2.6503291880029263,0.26335040234089246,15.0,low_intermittency
FOODS_2_353,FOODS_2,FOODS,1885,2333,1.2376657824933688,0.5809018567639257,56.0,medium_intermittency
FOODS_2_366,FOODS_2,FOODS,1654,632,0.38210399032648124,0.7460701330108828,80.0,high_intermittency
FOODS_2_380,FOODS_2,FOODS,1878,3951,2.1038338658146967,0.43929712460063897,29.0,low_intermittency
FOODS_3_012,FOODS_3,FOODS,1885,3037,1.6111405835543766,0.47108753315649865,35.0,low_intermittency
FOODS_3_014,FOODS_3,FOODS,1885,3741,1.9846153846153847,0.4960212201591512,41.0,medium_intermittency
FOODS_3_037,FOODS_3,FOODS,1472,7848,5.331521739130435,0.2105978260869565,8.0,low_intermittency
FOODS_3_057,FOODS_3,FOODS,1360,790,0.5808823529411765,0.6419117647058824,66.0,medium_intermittency
FOODS_3_125,FOODS_3,FOODS,632,895,1.4161392405063291,0.4920886075949367,39.0,medium_intermittency
FOODS_3_147,FOODS_3,FOODS,408,875,2.144607843137255,0.44607843137254904,31.0,low_intermittency
FOODS_3_204,FOODS_3,FOODS,1269,777,0.6122931442080378,0.6855791962174941,71.0,medium_intermittency
FOODS_3_223,FOODS_3,FOODS,1668,977,0.5857314148681055,0.6390887290167866,65.0,medium_intermittency
FOODS_3_231,FOODS_3,FOODS,1885,8253,4.378249336870026,0.26790450928381965,16.0,low_intermittency
FOODS_3_264,FOODS_3,FOODS,233,144,0.6180257510729614,0.6223175965665236,62.0,medium_intermittency
FOODS_3_427,FOODS_3,FOODS,1241,660,0.5318291700241741,0.7228041901692184,73.0,high_intermittency
FOODS_3_482,FOODS_3,FOODS,863,1238,1.4345307068366164,0.36616454229432216,24.0,low_intermittency
FOODS_3_499,FOODS_3,FOODS,1066,17854,16.74859287054409,0.04971857410881801,2.0,low_intermittency
FOODS_3_502,FOODS_3,FOODS,1031,3286,3.187196896217265,0.18913676042677013,6.0,low_intermittency
FOODS_3_511,FOODS_3,FOODS,1675,12799,7.641194029850746,0.5265671641791044,48.0,medium_intermittency
FOODS_3_561,FOODS_3,FOODS,1003,4179,4.166500498504487,0.04885343968095713,1.0,low_intermittency
FOODS_3_623,FOODS_3,FOODS,1199,1305,1.0884070058381985,0.5029190992493745,43.0,medium_intermittency
FOODS_3_650,FOODS_3,FOODS,1003,909,0.9062811565304087,0.4955134596211366,40.0,medium_intermittency
FOODS_3_674,FOODS_3,FOODS,1885,3805,2.018567639257294,0.24456233421750664,11.0,low_intermittency
FOODS_3_693,FOODS_3,FOODS,856,286,0.3341121495327103,0.7850467289719626,87.0,high_intermittency
FOODS_3_698,FOODS_3,FOODS,814,904,1.1105651105651106,0.5196560196560197,47.0,medium_intermittency
FOODS_3_771,FOODS_3,FOODS,1451,3566,2.4576154376292214,0.2556857339765679,13.0,low_intermittency
FOODS_3_813,FOODS_3,FOODS,688,1055,1.5334302325581395,0.3953488372093023,26.0,low_intermittency
FOODS_3_822,FOODS_3,FOODS,1885,8068,4.280106100795756,0.21326259946949602,9.0,low_intermittency
HOBBIES_1_006,HOBBIES_1,HOBBIES,1486,1642,1.1049798115746972,0.5612382234185733,54.0,medium_intermittency
HOBBIES_1_008,HOBBIES_1,HOBBIES,1885,13703,7.269496021220159,0.2790450928381963,17.0,low_intermittency
HOBBIES_1_061,HOBBIES_1,HOBBIES,1885,566,0.3002652519893899,0.7687002652519894,83.0,high_intermittency
HOBBIES_1_072,HOBBIES_1,HOBBIES,1822,1129,0.6196487376509331,0.5900109769484083,57.0,medium_intermittency
HOBBIES_1_076,HOBBIES_1,HOBBIES,1885,1115,0.5915119363395226,0.6689655172413793,69.0,medium_intermittency
HOBBIES_1_077,HOBBIES_1,HOBBIES,1500,470,0.31333333333333335,0.7633333333333333,82.0,high_intermittency
HOBBIES_1_126,HOBBIES_1,HOBBIES,772,702,0.9093264248704663,0.4261658031088083,28.0,low_intermittency
HOBBIES_1_134,HOBBIES_1,HOBBIES,1661,7946,4.783865141481035,0.08007224563515954,3.0,low_intermittency
HOBBIES_1_141,HOBBIES_1,HOBBIES,1885,1878,0.9962864721485412,0.540053050397878,50.0,medium_intermittency
HOBBIES_1_150,HOBBIES_1,HOBBIES,1885,3441,1.8254641909814324,0.48594164456233424,38.0,medium_intermittency
HOBBIES_1_152,HOBBIES_1,HOBBIES,1059,565,0.5335221907459868,0.6307837582625118,64.0,medium_intermittency
HOBBIES_1_164,HOBBIES_1,HOBBIES,1885,1871,0.9925729442970822,0.4217506631299735,27.0,low_intermittency
HOBBIES_1_170,HOBBIES_1,HOBBIES,1010,317,0.31386138613861386,0.7306930693069307,75.0,high_intermittency
HOBBIES_1_172,HOBBIES_1,HOBBIES,1885,1373,0.7283819628647215,0.556498673740053,53.0,medium_intermittency
HOBBIES_1_181,HOBBIES_1,HOBBIES,1514,117,0.0772787318361955,0.9306472919418758,106.0,high_intermittency
HOBBIES_1_202,HOBBIES_1,HOBBIES,1885,2393,1.2694960212201591,0.5055702917771884,46.0,medium_intermittency
HOBBIES_1_215,HOBBIES_1,HOBBIES,1885,1726,0.9156498673740053,0.47692307692307695,36.0,low_intermittency
HOBBIES_1_224,HOBBIES_1,HOBBIES,1514,375,0.2476882430647292,0.8044914134742405,90.0,high_intermittency
HOBBIES_1_234,HOBBIES_1,HOBBIES,1577,1718,1.089410272669626,0.8490805326569436,97.0,high_intermittency
HOBBIES_1_237,HOBBIES_1,HOBBIES,1885,1765,0.9363395225464191,0.44084880636604773,30.0,low_intermittency
HOBBIES_1_270,HOBBIES_1,HOBBIES,1388,1131,0.8148414985590778,0.4661383285302594,32.0,low_intermittency
HOBBIES_1_294,HOBBIES_1,HOBBIES,1171,220,0.18787361229718189,0.842869342442357,96.0,high_intermittency
HOBBIES_1_295,HOBBIES_1,HOBBIES,1885,12341,6.546949602122016,0.2493368700265252,12.0,low_intermittency
HOBBIES_1_296,HOBBIES_1,HOBBIES,1885,1058,0.5612732095490717,0.5936339522546419,60.0,medium_intermittency
HOBBIES_1_302,HOBBIES_1,HOBBIES,1885,75,0.03978779840848806,0.9618037135278514,108.0,high_intermittency
HOBBIES_1_316,HOBBIES_1,HOBBIES,1451,1651,1.1378359751895244,0.5478980013783598,52.0,medium_intermittency
HOBBIES_1_328,HOBBIES_1,HOBBIES,1885,1425,0.7559681697612732,0.49761273209549073,42.0,medium_intermittency
HOBBIES_1_341,HOBBIES_1,HOBBIES,1885,13648,7.2403183023872675,0.2625994694960212,14.0,low_intermittency
HOBBIES_1_358,HOBBIES_1,HOBBIES,968,1251,1.2923553719008265,0.39359504132231404,25.0,low_intermittency
HOBBIES_1_372,HOBBIES_1,HOBBIES,1885,1286,0.6822281167108754,0.5909814323607427,58.0,medium_intermittency
HOBBIES_1_380,HOBBIES_1,HOBBIES,1885,2000,1.0610079575596818,0.5278514588859416,49.0,medium_intermittency
HOBBIES_2_012,HOBBIES_2,HOBBIES,723,123,0.17012448132780084,0.8616874135546335,101.0,high_intermittency
HOBBIES_2_026,HOBBIES_2,HOBBIES,737,404,0.5481682496607869,0.7815468113975577,86.0,high_intermittency
HOBBIES_2_059,HOBBIES_2,HOBBIES,1885,2468,1.3092838196286471,0.6885941644562334,72.0,medium_intermittency
HOBBIES_2_097,HOBBIES_2,HOBBIES,1472,141,0.09578804347826086,0.9436141304347826,107.0,high_intermittency
HOBBIES_2_143,HOBBIES_2,HOBBIES,1871,304,0.1624799572421165,0.9155531801175841,104.0,high_intermittency
HOUSEHOLD_1_009,HOUSEHOLD_1,HOUSEHOLD,793,378,0.4766708701134931,0.6506935687263556,68.0,medium_intermittency
HOUSEHOLD_1_077,HOUSEHOLD_1,HOUSEHOLD,1199,794,0.6622185154295246,0.5921601334445371,59.0,medium_intermittency
HOUSEHOLD_1_109,HOUSEHOLD_1,HOUSEHOLD,1885,2788,1.4790450928381962,0.2440318302387268,10.0,low_intermittency
HOUSEHOLD_1_138,HOUSEHOLD_1,HOUSEHOLD,1885,1755,0.9310344827586207,0.5039787798408488,44.0,medium_intermittency
HOUSEHOLD_1_149,HOUSEHOLD_1,HOUSEHOLD,1885,3471,1.8413793103448275,0.3405835543766578,20.0,low_intermittency
HOUSEHOLD_1_171,HOUSEHOLD_1,HOUSEHOLD,1521,1923,1.2642998027613412,0.34911242603550297,21.0,low_intermittency
HOUSEHOLD_1_185,HOUSEHOLD_1,HOUSEHOLD,912,1418,1.5548245614035088,0.3333333333333333,19.0,low_intermittency
HOUSEHOLD_1_192,HOUSEHOLD_1,HOUSEHOLD,1885,924,0.49018567639257293,0.6254641909814324,63.0,medium_intermittency
HOUSEHOLD_1_265,HOUSEHOLD_1,HOUSEHOLD,1885,1669,0.8854111405835544,0.4673740053050398,33.0,low_intermittency
HOUSEHOLD_1_271,HOUSEHOLD_1,HOUSEHOLD,1010,271,0.26831683168316833,0.7881188118811882,88.0,high_intermittency
HOUSEHOLD_1_277,HOUSEHOLD_1,HOUSEHOLD,1388,5670,4.085014409221902,0.20821325648414984,7.0,low_intermittency
HOUSEHOLD_1_312,HOUSEHOLD_1,HOUSEHOLD,1815,627,0.34545454545454546,0.7294765840220385,74.0,high_intermittency
HOUSEHOLD_1_335,HOUSEHOLD_1,HOUSEHOLD,1353,239,0.17664449371766444,0.8558758314855875,99.0,high_intermittency
HOUSEHOLD_1_339,HOUSEHOLD_1,HOUSEHOLD,1381,7710,5.582910934105721,0.09268645908761766,4.0,low_intermittency
HOUSEHOLD_1_404,HOUSEHOLD_1,HOUSEHOLD,1843,3222,1.7482365708084644,0.29245794899620187,18.0,low_intermittency
HOUSEHOLD_1_436,HOUSEHOLD_1,HOUSEHOLD,1885,1010,0.5358090185676393,0.7352785145888594,76.0,high_intermittency
HOUSEHOLD_1_537,HOUSEHOLD_1,HOUSEHOLD,1885,2089,1.1082228116710875,0.3660477453580902,23.0,low_intermittency
HOUSEHOLD_2_013,HOUSEHOLD_2,HOUSEHOLD,1787,641,0.3587017347509793,0.7420257414661444,78.0,high_intermittency
HOUSEHOLD_2_056,HOUSEHOLD_2,HOUSEHOLD,1885,461,0.24456233421750664,0.8286472148541114,93.0,high_intermittency
HOUSEHOLD_2_059,HOUSEHOLD_2,HOUSEHOLD,1885,1335,0.7082228116710876,0.5639257294429708,55.0,medium_intermittency
HOUSEHOLD_2_082,HOUSEHOLD_2,HOUSEHOLD,1815,526,0.2898071625344353,0.771900826446281,84.0,high_intermittency
HOUSEHOLD_2_091,HOUSEHOLD_2,HOUSEHOLD,1381,234,0.16944243301955106,0.8493845039826213,98.0,high_intermittency
HOUSEHOLD_2_116,HOUSEHOLD_2,HOUSEHOLD,1843,326,0.17688551275094955,0.8567552902875746,100.0,high_intermittency
HOUSEHOLD_2_199,HOUSEHOLD_2,HOUSEHOLD,1836,1320,0.7189542483660131,0.5043572984749455,45.0,medium_intermittency
HOUSEHOLD_2_211,HOUSEHOLD_2,HOUSEHOLD,1885,200,0.10610079575596817,0.9039787798408488,102.0,high_intermittency
HOUSEHOLD_2_239,HOUSEHOLD_2,HOUSEHOLD,1885,2672,1.4175066312997346,0.35172413793103446,22.0,low_intermittency
HOUSEHOLD_2_244,HOUSEHOLD_2,HOUSEHOLD,1885,560,0.29708222811671087,0.7803713527851459,85.0,high_intermittency
HOUSEHOLD_2_250,HOUSEHOLD_2,HOUSEHOLD,1885,853,0.4525198938992042,0.6694960212201592,70.0,medium_intermittency
HOUSEHOLD_2_270,HOUSEHOLD_2,HOUSEHOLD,1885,386,0.20477453580901855,0.8376657824933686,94.0,high_intermittency
HOUSEHOLD_2_366,HOUSEHOLD_2,HOUSEHOLD,1885,931,0.49389920424403183,0.6493368700265252,67.0,medium_intermittency
HOUSEHOLD_2_394,HOUSEHOLD_2,HOUSEHOLD,1885,463,0.24562334217506632,0.8058355437665783,91.0,high_intermittency
HOUSEHOLD_2_452,HOUSEHOLD_2,HOUSEHOLD,1885,671,0.3559681697612732,0.7395225464190981,77.0,high_intermittency
HOUSEHOLD_2_453,HOUSEHOLD_2,HOUSEHOLD,1885,1621,0.859946949602122,0.46843501326259945,34.0,low_intermittency
HOUSEHOLD_2_458,HOUSEHOLD_2,HOUSEHOLD,1577,178,0.1128725428027901,0.9067850348763475,103.0,high_intermittency
HOUSEHOLD_2_476,HOUSEHOLD_2,HOUSEHOLD,1115,110,0.09865470852017937,0.9183856502242153,105.0,high_intermittency
HOUSEHOLD_2_514,HOUSEHOLD_2,HOUSEHOLD,1885,565,0.29973474801061006,0.7448275862068966,79.0,high_intermittency
