feature,coefficient,absolute_coefficient,model
rolling_mean_7,1.3485653243910602,1.3485653243910602,linear_regression
rolling_std_7,-0.4225283831606545,0.4225283831606545,linear_regression
rolling_mean_28,0.4136504879629981,0.4136504879629981,linear_regression
sell_price,-0.3938951861919293,0.3938951861919293,linear_regression
lag_1,0.35390857158286443,0.35390857158286443,linear_regression
lag_14,0.3108058444357572,0.3108058444357572,linear_regression
lag_28,0.2360349534936058,0.2360349534936058,linear_regression
lag_7,0.14111002282252583,0.14111002282252583,linear_regression
event_indicator,-0.053130964884613635,0.053130964884613635,linear_regression
price_change,-5.156522482325659e-05,5.156522482325659e-05,linear_regression
rolling_mean_7,1.3475339439668892,1.3475339439668892,ridge_regression
rolling_std_7,-0.4219084094411673,0.4219084094411673,ridge_regression
rolling_mean_28,0.41601014333894726,0.41601014333894726,ridge_regression
lag_1,0.3543875831477062,0.3543875831477062,ridge_regression
lag_14,0.31075510045090216,0.31075510045090216,ridge_regression
lag_28,0.2359672785530515,0.2359672785530515,ridge_regression
lag_7,0.14122601596167064,0.14122601596167064,ridge_regression
sell_price,-0.10390778824820555,0.10390778824820555,ridge_regression
event_indicator,-0.05294864381817193,0.05294864381817193,ridge_regression
price_change,-0.00037200129956690763,0.00037200129956690763,ridge_regression
