transformed_feature,mean_absolute_shap,original_feature
numeric__lag_1,0.16630569076437504,lag_1
numeric__lag_7,0.12820061912702532,lag_7
numeric__lag_14,0.11529927335590565,lag_14
numeric__lag_28,0.07422597072025205,lag_28
numeric__rolling_mean_7,0.2983954894529694,rolling_mean_7
numeric__rolling_mean_28,0.30997379394790026,rolling_mean_28
numeric__rolling_std_7,0.17097785785779485,rolling_std_7
numeric__sell_price,0.051277126212138,sell_price
numeric__price_change,0.00012852650452979794,price_change
numeric__event_indicator,0.004118014760900506,event_indicator
categorical__weekday_Friday,0.0036400384221086947,weekday
categorical__weekday_Monday,0.0024551252409899544,weekday
categorical__weekday_Saturday,0.03569499447758619,weekday
categorical__weekday_Sunday,0.030748907126402606,weekday
categorical__weekday_Thursday,0.013855186741963604,weekday
categorical__weekday_Tuesday,0.009181456115624,weekday
categorical__weekday_Wednesday,0.011486539695662936,weekday
categorical__month_1,0.0014750304364565907,month
categorical__month_2,0.001249258437241951,month
categorical__month_3,0.0013791083964481458,month
categorical__month_4,0.0016216222592598793,month
categorical__month_5,0.0016303426631825812,month
categorical__month_6,0.0021161237910191427,month
categorical__month_7,0.0011689761305527973,month
categorical__month_8,0.0013708712772253434,month
categorical__month_9,0.0009542613492149175,month
categorical__month_10,0.0017218740112548859,month
categorical__month_11,0.0009395680765872877,month
categorical__month_12,0.0024019900355247118,month
categorical__item_id_FOODS_1_010,0.0012080047019964366,item_id
categorical__item_id_FOODS_2_016,0.009380373541160676,item_id
categorical__item_id_FOODS_2_071,3.550765560378502e-05,item_id
categorical__item_id_FOODS_2_149,0.00015395829369850754,item_id
categorical__item_id_FOODS_2_246,3.879578267795916e-05,item_id
categorical__item_id_FOODS_2_280,0.0007181102351337893,item_id
categorical__item_id_FOODS_2_286,0.00010082261038932726,item_id
categorical__item_id_FOODS_2_301,0.00015330514215345517,item_id
categorical__item_id_FOODS_2_307,0.0019980964124076367,item_id
categorical__item_id_FOODS_2_353,0.0004984425688646697,item_id
categorical__item_id_FOODS_2_366,0.00036246365619666964,item_id
categorical__item_id_FOODS_2_380,0.0007762819040579601,item_id
categorical__item_id_FOODS_3_012,0.00130565846611975,item_id
categorical__item_id_FOODS_3_014,0.0007540912881392341,item_id
categorical__item_id_FOODS_3_037,0.003546883275421244,item_id
categorical__item_id_FOODS_3_057,0.0004715998205407987,item_id
categorical__item_id_FOODS_3_125,8.674517204551084e-05,item_id
categorical__item_id_FOODS_3_147,0.0002645175785576316,item_id
categorical__item_id_FOODS_3_204,0.0007631568134885729,item_id
categorical__item_id_FOODS_3_223,0.0007135915839570921,item_id
categorical__item_id_FOODS_3_231,0.0027828440545694527,item_id
categorical__item_id_FOODS_3_264,2.726879338345147e-05,item_id
categorical__item_id_FOODS_3_427,0.00047250728765510145,item_id
categorical__item_id_FOODS_3_482,0.0002038106646985386,item_id
categorical__item_id_FOODS_3_499,0.023873184700690574,item_id
categorical__item_id_FOODS_3_502,0.0018940078029318845,item_id
categorical__item_id_FOODS_3_511,0.013638970853970832,item_id
categorical__item_id_FOODS_3_561,0.004883826364607422,item_id
categorical__item_id_FOODS_3_623,0.0006562768807243978,item_id
categorical__item_id_FOODS_3_650,0.00022028693853821122,item_id
categorical__item_id_FOODS_3_674,0.0011053414901105753,item_id
categorical__item_id_FOODS_3_693,0.0008539021510061621,item_id
categorical__item_id_FOODS_3_698,0.000251179143489574,item_id
categorical__item_id_FOODS_3_771,0.0026691484939611525,item_id
categorical__item_id_FOODS_3_813,0.00012398843003306873,item_id
categorical__item_id_FOODS_3_822,0.004195276987733417,item_id
categorical__item_id_HOBBIES_1_006,0.0010764911064825079,item_id
categorical__item_id_HOBBIES_1_008,0.014594327145164454,item_id
categorical__item_id_HOBBIES_1_061,0.000833717399589971,item_id
categorical__item_id_HOBBIES_1_072,0.00019445319858533107,item_id
categorical__item_id_HOBBIES_1_076,0.00019380038992411808,item_id
categorical__item_id_HOBBIES_1_077,5.5797980749336996e-05,item_id
categorical__item_id_HOBBIES_1_126,1.7954848102049033e-05,item_id
categorical__item_id_HOBBIES_1_134,0.006302610373443023,item_id
categorical__item_id_HOBBIES_1_141,0.0011645767629591922,item_id
categorical__item_id_HOBBIES_1_150,0.0030240691469519596,item_id
categorical__item_id_HOBBIES_1_152,4.046342872745838e-05,item_id
categorical__item_id_HOBBIES_1_164,0.0003472642497020207,item_id
categorical__item_id_HOBBIES_1_170,9.659628291214443e-05,item_id
categorical__item_id_HOBBIES_1_172,0.0002107073461166729,item_id
categorical__item_id_HOBBIES_1_181,0.0014999972989943613,item_id
categorical__item_id_HOBBIES_1_202,0.0007311194294566694,item_id
categorical__item_id_HOBBIES_1_215,0.0002205008837978456,item_id
categorical__item_id_HOBBIES_1_224,0.00020547619778135006,item_id
categorical__item_id_HOBBIES_1_234,0.0012694936533272265,item_id
categorical__item_id_HOBBIES_1_237,0.00020266468498835648,item_id
categorical__item_id_HOBBIES_1_270,0.00029980824294301264,item_id
categorical__item_id_HOBBIES_1_294,0.0002097394675043992,item_id
categorical__item_id_HOBBIES_1_295,0.007982123428710183,item_id
categorical__item_id_HOBBIES_1_296,0.00036721243052422115,item_id
categorical__item_id_HOBBIES_1_302,0.0018261085636905768,item_id
categorical__item_id_HOBBIES_1_316,0.00018797225327469008,item_id
categorical__item_id_HOBBIES_1_328,9.803050524856633e-05,item_id
categorical__item_id_HOBBIES_1_341,0.016190675358324934,item_id
categorical__item_id_HOBBIES_1_358,0.00020021625486001335,item_id
categorical__item_id_HOBBIES_1_372,5.756475023368285e-05,item_id
categorical__item_id_HOBBIES_1_380,0.0007985823027064502,item_id
categorical__item_id_HOBBIES_2_012,5.146299194412552e-05,item_id
categorical__item_id_HOBBIES_2_026,0.0003503636324168165,item_id
categorical__item_id_HOBBIES_2_059,0.0010179218728380629,item_id
categorical__item_id_HOBBIES_2_097,0.0006159818461471126,item_id
categorical__item_id_HOBBIES_2_143,0.0013639094041838409,item_id
categorical__item_id_HOUSEHOLD_1_009,4.4562502430886315e-05,item_id
categorical__item_id_HOUSEHOLD_1_077,9.291329538338295e-05,item_id
categorical__item_id_HOUSEHOLD_1_109,0.0012488236802080986,item_id
categorical__item_id_HOUSEHOLD_1_138,0.0001434612740525707,item_id
categorical__item_id_HOUSEHOLD_1_149,0.002243969750094537,item_id
categorical__item_id_HOUSEHOLD_1_171,0.0002498289507007416,item_id
categorical__item_id_HOUSEHOLD_1_185,0.000427873677755317,item_id
categorical__item_id_HOUSEHOLD_1_192,0.00016180237068495607,item_id
categorical__item_id_HOUSEHOLD_1_265,0.00021382266448486897,item_id
categorical__item_id_HOUSEHOLD_1_271,0.00023856303139146352,item_id
categorical__item_id_HOUSEHOLD_1_277,0.001626728508768277,item_id
categorical__item_id_HOUSEHOLD_1_312,0.0004530716940414493,item_id
categorical__item_id_HOUSEHOLD_1_335,0.00038752842749216514,item_id
categorical__item_id_HOUSEHOLD_1_339,0.004988632337914434,item_id
categorical__item_id_HOUSEHOLD_1_404,0.0026260973422647734,item_id
categorical__item_id_HOUSEHOLD_1_436,0.00015366914128056867,item_id
categorical__item_id_HOUSEHOLD_1_537,0.0005319759689590902,item_id
categorical__item_id_HOUSEHOLD_2_013,6.867697198933684e-05,item_id
categorical__item_id_HOUSEHOLD_2_056,0.0006681496392418764,item_id
categorical__item_id_HOUSEHOLD_2_059,0.00031241518071975966,item_id
categorical__item_id_HOUSEHOLD_2_082,0.00020099673747236301,item_id
categorical__item_id_HOUSEHOLD_2_091,0.00013534616012856766,item_id
categorical__item_id_HOUSEHOLD_2_116,0.00041911559935830833,item_id
categorical__item_id_HOUSEHOLD_2_199,0.0007197122255947562,item_id
categorical__item_id_HOUSEHOLD_2_211,0.0015381167954163434,item_id
categorical__item_id_HOUSEHOLD_2_239,0.001790709944998318,item_id
categorical__item_id_HOUSEHOLD_2_244,0.00019020455592751352,item_id
categorical__item_id_HOUSEHOLD_2_250,0.00012088017442871273,item_id
categorical__item_id_HOUSEHOLD_2_270,0.0006241420092832819,item_id
categorical__item_id_HOUSEHOLD_2_366,0.0004979506742516734,item_id
categorical__item_id_HOUSEHOLD_2_394,0.00047927251658692096,item_id
categorical__item_id_HOUSEHOLD_2_452,0.00010831656604085617,item_id
categorical__item_id_HOUSEHOLD_2_453,0.0010093115381663712,item_id
categorical__item_id_HOUSEHOLD_2_458,0.0009483428137204982,item_id
categorical__item_id_HOUSEHOLD_2_476,0.00026322844934248,item_id
categorical__item_id_HOUSEHOLD_2_514,0.00038824567912490595,item_id
categorical__dept_id_FOODS_1,0.0008967824911436085,dept_id
categorical__dept_id_FOODS_2,0.0024944716474707574,dept_id
categorical__dept_id_FOODS_3,0.05008932395365877,dept_id
categorical__dept_id_HOBBIES_1,0.009639245491156212,dept_id
categorical__dept_id_HOBBIES_2,0.004278864948150828,dept_id
categorical__dept_id_HOUSEHOLD_1,0.00551829684058212,dept_id
categorical__dept_id_HOUSEHOLD_2,0.034364704744756044,dept_id
categorical__cat_id_FOODS,0.037618838850603006,cat_id
categorical__cat_id_HOBBIES,0.006083498438669397,cat_id
categorical__cat_id_HOUSEHOLD,0.02501984089074053,cat_id
