transformed_feature,importance,original_feature
numeric__rolling_mean_7,0.20129130026446615,rolling_mean_7
numeric__rolling_mean_28,0.17583735992608912,rolling_mean_28
numeric__rolling_std_7,0.10113893653564716,rolling_std_7
numeric__lag_7,0.09744240117063971,lag_7
numeric__lag_1,0.09587862908152123,lag_1
numeric__lag_14,0.08056743647161409,lag_14
numeric__lag_28,0.0587323814894936,lag_28
categorical__item_id_FOODS_3_499,0.03328479107558397,item_id
numeric__sell_price,0.02429326570164316,sell_price
categorical__dept_id_FOODS_3,0.010005131409782531,dept_id
categorical__item_id_FOODS_3_511,0.009127199573593165,item_id
categorical__item_id_HOBBIES_1_008,0.007456371721419823,item_id
categorical__weekday_Sunday,0.00741441924025851,weekday
categorical__item_id_HOBBIES_1_341,0.007156307942188291,item_id
categorical__weekday_Saturday,0.006016907811784265,weekday
categorical__cat_id_FOODS,0.005951568349581443,cat_id
categorical__item_id_HOBBIES_1_295,0.004500696812860583,item_id
categorical__weekday_Thursday,0.003140623348718697,weekday
categorical__dept_id_HOBBIES_1,0.003104418774845968,dept_id
categorical__cat_id_HOUSEHOLD,0.003093157781389917,cat_id
categorical__weekday_Tuesday,0.0030756029416090054,weekday
categorical__weekday_Wednesday,0.0028042654490603464,weekday
categorical__item_id_HOBBIES_1_134,0.0025567222046943595,item_id
categorical__item_id_FOODS_3_037,0.002311329644310985,item_id
categorical__dept_id_HOUSEHOLD_2,0.0022929801984052376,dept_id
categorical__weekday_Friday,0.0022657328575131654,weekday
numeric__event_indicator,0.002255534477505545,event_indicator
categorical__weekday_Monday,0.002252718937026246,weekday
categorical__month_3,0.0021831884589850687,month
categorical__month_12,0.0021090224832194717,month
categorical__cat_id_HOBBIES,0.0020020680363453886,cat_id
categorical__month_10,0.0019675762116400358,month
categorical__item_id_FOODS_2_016,0.001945356196544734,item_id
categorical__month_4,0.0019027487226771498,month
categorical__month_1,0.0018865233845849684,month
categorical__month_2,0.0018471112359468216,month
categorical__item_id_HOUSEHOLD_1_339,0.0018377720719664893,item_id
categorical__month_11,0.001706610241321538,month
categorical__month_5,0.001673422315046138,month
categorical__month_8,0.0016581741872513421,month
categorical__month_6,0.0016208891123092948,month
categorical__month_7,0.0016028559258964598,month
categorical__month_9,0.0014305466493763136,month
categorical__item_id_FOODS_3_231,0.0012364119181101558,item_id
categorical__dept_id_FOODS_2,0.0012133888520719945,dept_id
categorical__item_id_FOODS_3_822,0.001188366006457377,item_id
categorical__item_id_HOBBIES_1_150,0.0010049456718465959,item_id
categorical__item_id_HOBBIES_1_234,0.0009774084060278868,item_id
categorical__item_id_FOODS_3_561,0.0008615078712354055,item_id
categorical__item_id_HOBBIES_2_059,0.0008491001855199918,item_id
categorical__dept_id_HOBBIES_2,0.0008452159460688196,dept_id
categorical__item_id_HOUSEHOLD_1_277,0.0008371290092467453,item_id
categorical__dept_id_HOUSEHOLD_1,0.0007536137434912279,dept_id
categorical__item_id_HOUSEHOLD_1_149,0.0006989193951882557,item_id
categorical__item_id_FOODS_3_014,0.0006266967693650751,item_id
categorical__item_id_FOODS_3_502,0.00037682907416179397,item_id
categorical__item_id_HOBBIES_1_202,0.0003687249832568837,item_id
categorical__item_id_FOODS_2_307,0.00033182295426127434,item_id
categorical__item_id_FOODS_3_012,0.00031979264399278667,item_id
categorical__item_id_FOODS_3_771,0.00031362273074730094,item_id
categorical__item_id_HOBBIES_1_380,0.0003011044481594715,item_id
categorical__item_id_FOODS_2_380,0.00023156537745917786,item_id
categorical__item_id_HOUSEHOLD_1_404,0.0002027323014411743,item_id
categorical__item_id_FOODS_2_353,0.00020032435608570694,item_id
categorical__item_id_FOODS_3_674,0.00019262935207380654,item_id
categorical__item_id_HOUSEHOLD_2_239,0.00017858983509983075,item_id
categorical__item_id_HOBBIES_1_006,0.00017120362715764914,item_id
numeric__price_change,0.00013983781971008954,price_change
categorical__item_id_HOBBIES_1_181,0.00013652250770137013,item_id
categorical__item_id_HOBBIES_2_143,0.00012489229659125469,item_id
categorical__item_id_FOODS_3_693,0.00011269431936705987,item_id
categorical__item_id_FOODS_3_623,0.00010857280232489592,item_id
categorical__item_id_HOUSEHOLD_2_211,0.00010729296278993372,item_id
categorical__item_id_FOODS_2_280,0.00010110556015209669,item_id
categorical__item_id_HOBBIES_1_302,9.843792136026549e-05,item_id
categorical__item_id_HOBBIES_1_316,9.757181345980672e-05,item_id
categorical__item_id_HOUSEHOLD_1_109,9.599545585062044e-05,item_id
categorical__item_id_FOODS_3_204,9.201629690034371e-05,item_id
categorical__item_id_FOODS_1_010,8.015203237786226e-05,item_id
categorical__item_id_FOODS_3_125,7.613426253058286e-05,item_id
categorical__item_id_FOODS_3_223,6.725380453323132e-05,item_id
categorical__dept_id_FOODS_1,6.234799240673215e-05,dept_id
categorical__item_id_HOBBIES_2_026,6.178378129242607e-05,item_id
categorical__item_id_FOODS_3_427,6.06321841716702e-05,item_id
categorical__item_id_HOBBIES_1_141,5.797543786629057e-05,item_id
categorical__item_id_HOUSEHOLD_2_453,5.583934833625341e-05,item_id
categorical__item_id_FOODS_3_813,5.309157933003701e-05,item_id
categorical__item_id_FOODS_3_057,5.05958813552974e-05,item_id
categorical__item_id_HOBBIES_2_097,4.7510034131353286e-05,item_id
categorical__item_id_FOODS_2_366,4.685496125731475e-05,item_id
categorical__item_id_HOUSEHOLD_1_537,4.676720227695457e-05,item_id
categorical__item_id_FOODS_3_650,4.484977123765367e-05,item_id
categorical__item_id_FOODS_3_147,4.465494861122837e-05,item_id
categorical__item_id_HOUSEHOLD_2_270,4.342646942653264e-05,item_id
categorical__item_id_HOUSEHOLD_2_394,4.0575255881241025e-05,item_id
categorical__item_id_HOUSEHOLD_1_185,4.0472660300862966e-05,item_id
categorical__item_id_FOODS_3_698,4.040004406856758e-05,item_id
categorical__item_id_HOBBIES_1_358,4.008067062324856e-05,item_id
categorical__item_id_FOODS_2_301,3.891023680474447e-05,item_id
categorical__item_id_HOBBIES_1_061,3.866886374302638e-05,item_id
categorical__item_id_HOUSEHOLD_2_458,3.6419663494225644e-05,item_id
categorical__item_id_HOUSEHOLD_2_056,3.476197293850302e-05,item_id
categorical__item_id_HOUSEHOLD_1_335,3.1846992620107135e-05,item_id
categorical__item_id_FOODS_3_482,3.138574518018997e-05,item_id
categorical__item_id_HOUSEHOLD_1_312,3.0385826255824303e-05,item_id
categorical__item_id_HOUSEHOLD_2_199,2.95132552439261e-05,item_id
categorical__item_id_HOBBIES_1_172,2.9456225150456026e-05,item_id
categorical__item_id_HOUSEHOLD_1_171,2.8700812323352464e-05,item_id
categorical__item_id_HOUSEHOLD_1_265,2.5616155611669868e-05,item_id
categorical__item_id_HOBBIES_1_296,2.4644075433079233e-05,item_id
categorical__item_id_HOUSEHOLD_1_436,2.393859799946719e-05,item_id
categorical__item_id_FOODS_2_149,2.3655544773091922e-05,item_id
categorical__item_id_HOBBIES_1_076,2.244242047848743e-05,item_id
categorical__item_id_HOBBIES_1_237,2.177655459358826e-05,item_id
categorical__item_id_HOBBIES_1_215,2.1278837697083177e-05,item_id
categorical__item_id_HOUSEHOLD_1_138,1.9752843599732526e-05,item_id
categorical__item_id_HOUSEHOLD_1_192,1.8721972473737946e-05,item_id
categorical__item_id_FOODS_2_286,1.8697394210620768e-05,item_id
categorical__item_id_HOUSEHOLD_2_059,1.8493112785714962e-05,item_id
categorical__item_id_HOUSEHOLD_2_244,1.7206403524060873e-05,item_id
categorical__item_id_HOBBIES_1_270,1.716747389063878e-05,item_id
categorical__item_id_HOBBIES_1_164,1.6909967660477853e-05,item_id
categorical__item_id_HOBBIES_1_072,1.6233556876059394e-05,item_id
categorical__item_id_HOUSEHOLD_2_514,1.6115644647178907e-05,item_id
categorical__item_id_HOUSEHOLD_2_366,1.5979577839193534e-05,item_id
categorical__item_id_HOUSEHOLD_2_116,1.4846105286535934e-05,item_id
categorical__item_id_HOUSEHOLD_1_271,1.3854442151734054e-05,item_id
categorical__item_id_HOBBIES_1_224,1.1749437598112942e-05,item_id
categorical__item_id_HOUSEHOLD_1_077,1.132662918354112e-05,item_id
categorical__item_id_HOUSEHOLD_2_082,9.864379293038428e-06,item_id
categorical__item_id_HOBBIES_1_294,8.825456326141564e-06,item_id
categorical__item_id_HOBBIES_1_372,8.536306713620699e-06,item_id
categorical__item_id_HOUSEHOLD_2_476,7.796987810595898e-06,item_id
categorical__item_id_HOUSEHOLD_2_250,7.780810517530152e-06,item_id
categorical__item_id_HOBBIES_1_328,7.150456057846808e-06,item_id
categorical__item_id_HOUSEHOLD_2_452,6.242201760309263e-06,item_id
categorical__item_id_FOODS_3_264,5.609046277067719e-06,item_id
categorical__item_id_HOUSEHOLD_2_013,5.380178283573301e-06,item_id
categorical__item_id_HOBBIES_1_152,4.45700776159084e-06,item_id
categorical__item_id_FOODS_2_246,4.373836810401073e-06,item_id
categorical__item_id_HOUSEHOLD_1_009,4.334115536519952e-06,item_id
categorical__item_id_HOBBIES_1_170,4.175811202396234e-06,item_id
categorical__item_id_HOUSEHOLD_2_091,3.8584136814318955e-06,item_id
categorical__item_id_HOBBIES_1_126,3.6745605292366375e-06,item_id
categorical__item_id_HOBBIES_1_077,2.643061477082636e-06,item_id
categorical__item_id_FOODS_2_071,2.5437482597849032e-06,item_id
categorical__item_id_HOBBIES_2_012,2.257316526585037e-06,item_id
