original_feature,mean_absolute_shap
rolling_mean_28,0.30997379394790026
rolling_mean_7,0.2983954894529694
item_id,0.1713984415037217
rolling_std_7,0.17097785785779485
lag_1,0.16630569076437504
lag_7,0.12820061912702532
lag_14,0.11529927335590565
dept_id,0.10728169011691835
weekday,0.10706224782033798
lag_28,0.07422597072025205
cat_id,0.06872217818001294
sell_price,0.051277126212138
month,0.018029026863968234
event_indicator,0.004118014760900506
price_change,0.00012852650452979794
