item_id,date,sales
FOODS_3_698,2015-07-24,2
HOUSEHOLD_2_244,2011-04-27,1
HOUSEHOLD_2_013,2015-11-19,1
HOUSEHOLD_2_056,2011-04-28,3
HOUSEHOLD_1_149,2014-02-23,0
FOODS_3_014,2015-07-31,0
HOBBIES_1_294,2015-11-22,1
HOUSEHOLD_1_436,2011-06-29,3
FOODS_3_693,2014-03-22,0
HOBBIES_1_006,2012-09-05,2
HOBBIES_1_172,2012-06-23,1
FOODS_3_482,2014-08-05,2
FOODS_3_012,2015-08-25,0
HOBBIES_1_328,2012-05-06,0
HOUSEHOLD_2_056,2013-03-19,0
FOODS_3_147,2016-03-10,4
HOBBIES_1_008,2012-01-20,4
HOUSEHOLD_2_059,2013-10-14,1
FOODS_2_353,2013-07-04,0
FOODS_3_502,2014-11-28,0
HOUSEHOLD_1_404,2014-07-13,3
HOBBIES_1_215,2012-09-04,0
FOODS_1_010,2014-12-04,0
HOBBIES_1_202,2014-03-09,0
HOBBIES_1_072,2011-07-11,0
FOODS_3_771,2015-04-06,9
HOUSEHOLD_2_244,2011-05-15,0
HOBBIES_1_006,2012-11-28,4
FOODS_2_149,2012-01-27,2
HOBBIES_1_380,2016-02-17,0
HOUSEHOLD_2_250,2014-07-19,0
FOODS_3_147,2015-06-01,6
HOBBIES_2_059,2013-07-14,0
HOBBIES_1_072,2014-08-23,1
HOUSEHOLD_2_366,2015-08-21,1
HOUSEHOLD_1_404,2011-12-25,0
HOBBIES_1_270,2015-07-26,1
FOODS_2_280,2013-12-06,0
HOBBIES_1_270,2012-09-12,1
HOBBIES_1_237,2014-11-25,2
HOBBIES_1_237,2011-12-27,0
HOBBIES_1_316,2016-02-27,3
HOBBIES_1_141,2013-03-04,0
FOODS_3_698,2014-05-15,0
HOUSEHOLD_1_077,2013-03-30,0
FOODS_2_016,2012-08-20,1
HOUSEHOLD_2_366,2016-01-27,0
FOODS_3_693,2015-12-14,0
HOBBIES_1_296,2013-05-17,0
HOUSEHOLD_1_537,2011-08-13,1
HOBBIES_1_141,2011-09-29,0
HOBBIES_1_234,2012-06-29,0
HOUSEHOLD_2_082,2015-07-26,2
FOODS_3_223,2012-10-07,1
FOODS_3_014,2015-04-07,2
HOBBIES_1_164,2012-09-30,0
HOBBIES_1_008,2014-04-10,10
HOUSEHOLD_1_149,2011-04-17,0
HOBBIES_1_141,2012-02-25,6
FOODS_2_353,2013-11-14,0
FOODS_2_016,2013-01-09,0
HOUSEHOLD_1_404,2015-05-14,0
HOBBIES_1_181,2015-11-20,0
HOBBIES_1_061,2015-08-19,0
FOODS_2_380,2015-09-12,2
HOUSEHOLD_2_458,2012-05-20,0
HOUSEHOLD_1_537,2015-10-17,0
HOUSEHOLD_2_199,2015-08-24,1
FOODS_3_057,2013-04-03,0
FOODS_3_650,2014-07-22,0
HOUSEHOLD_1_009,2016-04-06,0
HOUSEHOLD_2_366,2015-08-24,0
HOBBIES_1_006,2012-08-03,1
HOUSEHOLD_2_394,2015-08-01,0
HOUSEHOLD_2_244,2011-04-03,4
HOBBIES_1_294,2013-11-12,0
HOUSEHOLD_2_270,2014-08-11,0
HOUSEHOLD_2_458,2014-10-14,0
HOBBIES_1_302,2012-12-18,0
FOODS_3_623,2014-02-27,1
HOUSEHOLD_2_270,2014-02-22,0
FOODS_3_674,2014-05-07,1
HOUSEHOLD_2_199,2013-05-26,1
HOBBIES_1_076,2015-07-14,0
FOODS_2_280,2014-07-06,0
HOBBIES_1_061,2013-12-14,1
FOODS_3_650,2013-10-23,0
HOUSEHOLD_2_394,2013-10-26,0
HOBBIES_1_295,2011-06-02,15
HOUSEHOLD_2_199,2014-01-14,0
FOODS_3_693,2015-01-26,3
HOUSEHOLD_1_185,2015-04-27,1
HOBBIES_1_150,2011-04-23,1
FOODS_2_016,2016-03-07,6
HOUSEHOLD_1_339,2014-01-09,1
HOUSEHOLD_1_077,2013-09-03,1
HOBBIES_1_296,2011-05-16,1
FOODS_2_071,2015-08-22,0
FOODS_3_561,2014-10-28,2
HOBBIES_1_341,2014-05-26,7
HOUSEHOLD_2_056,2011-07-11,0
HOBBIES_1_380,2013-09-23,0
HOBBIES_1_164,2014-06-01,1
HOBBIES_1_224,2016-02-13,0
HOUSEHOLD_1_265,2015-10-22,1
HOBBIES_1_150,2012-05-23,3
FOODS_3_427,2013-02-26,0
FOODS_3_499,2013-12-28,28
HOBBIES_1_141,2013-12-25,0
HOUSEHOLD_2_394,2016-01-09,0
HOUSEHOLD_2_394,2011-12-26,0
HOUSEHOLD_1_109,2015-05-24,2
HOUSEHOLD_2_059,2015-08-07,0
FOODS_2_301,2015-11-12,0
FOODS_3_231,2014-05-31,0
HOUSEHOLD_2_059,2013-07-19,0
HOUSEHOLD_2_452,2013-12-16,1
HOUSEHOLD_1_537,2015-10-01,3
HOUSEHOLD_2_082,2015-09-05,0
HOBBIES_2_026,2015-02-14,0
HOUSEHOLD_1_265,2016-03-13,0
HOUSEHOLD_2_056,2011-10-02,0
HOBBIES_1_150,2013-02-11,3
HOUSEHOLD_2_514,2014-07-06,0
HOUSEHOLD_2_013,2011-06-26,3
HOUSEHOLD_2_056,2011-12-30,0
HOUSEHOLD_2_056,2016-04-20,0
FOODS_3_771,2015-06-01,4
HOBBIES_1_164,2011-06-02,1
FOODS_2_353,2011-03-27,0
HOBBIES_1_202,2015-04-29,0
HOBBIES_1_072,2014-06-28,2
HOUSEHOLD_2_452,2012-10-02,0
FOODS_3_771,2012-07-18,6
HOUSEHOLD_1_265,2011-08-12,0
HOUSEHOLD_2_452,2011-07-19,0
HOBBIES_1_141,2015-06-22,0
HOUSEHOLD_1_185,2015-05-07,1
FOODS_3_561,2013-10-03,6
FOODS_3_482,2015-10-08,1
HOUSEHOLD_2_514,2011-11-17,1
HOUSEHOLD_2_013,2014-04-06,0
HOBBIES_1_006,2015-07-02,0
HOBBIES_1_224,2015-11-01,1
HOUSEHOLD_1_404,2013-07-06,3
HOBBIES_1_234,2013-02-09,0
HOBBIES_1_302,2013-05-17,0
HOUSEHOLD_2_116,2013-07-04,0
HOUSEHOLD_2_458,2012-07-29,0
HOBBIES_1_380,2014-04-02,0
FOODS_3_511,2015-01-17,15
HOBBIES_1_008,2013-05-13,1
FOODS_3_204,2013-11-19,0
HOBBIES_1_234,2015-07-30,2
FOODS_1_010,2016-02-22,0
HOUSEHOLD_1_271,2013-07-25,0
FOODS_1_010,2015-10-13,0
HOUSEHOLD_2_091,2013-10-18,0
HOUSEHOLD_1_171,2014-11-13,1
HOUSEHOLD_2_116,2011-11-22,0
HOBBIES_1_270,2015-05-12,1
HOBBIES_1_076,2014-09-09,0
FOODS_3_623,2014-05-29,3
HOBBIES_1_316,2014-07-18,4
HOBBIES_1_164,2011-06-11,0
HOUSEHOLD_2_514,2011-09-30,0
HOUSEHOLD_1_265,2014-03-31,0
HOBBIES_1_152,2013-10-16,0
HOUSEHOLD_2_013,2015-08-03,0
FOODS_3_502,2014-08-03,5
HOUSEHOLD_1_109,2011-04-18,2
HOBBIES_1_358,2015-06-11,3
FOODS_3_223,2015-03-18,1
HOBBIES_1_076,2014-04-17,0
HOBBIES_1_215,2014-11-16,0
FOODS_3_502,2014-01-09,1
FOODS_3_223,2015-01-24,1
HOBBIES_1_302,2016-04-07,0
FOODS_3_822,2011-03-30,0
HOBBIES_1_341,2013-01-22,0
HOUSEHOLD_1_192,2013-06-20,0
FOODS_3_822,2013-08-10,6
HOUSEHOLD_2_458,2012-09-22,0
HOUSEHOLD_1_265,2011-04-22,4
HOUSEHOLD_1_138,2015-04-26,2
HOUSEHOLD_2_013,2013-09-12,1
HOBBIES_1_234,2015-12-21,0
HOUSEHOLD_2_366,2014-11-21,0
HOUSEHOLD_2_514,2012-02-03,0
HOBBIES_1_296,2013-05-20,1
HOBBIES_1_372,2015-03-14,1
HOBBIES_1_328,2011-10-22,3
FOODS_1_010,2013-03-08,0
HOBBIES_1_141,2014-08-04,0
HOBBIES_1_134,2013-04-11,7
HOBBIES_2_143,2014-07-21,0
HOUSEHOLD_2_056,2014-10-16,0
FOODS_3_012,2011-06-29,0
HOBBIES_1_006,2013-10-01,1
HOUSEHOLD_2_091,2015-12-03,0
HOUSEHOLD_2_366,2016-04-03,1
HOUSEHOLD_2_453,2012-12-17,1
HOUSEHOLD_2_366,2014-07-15,0
HOUSEHOLD_1_312,2014-05-02,0
FOODS_3_482,2014-10-29,1
FOODS_2_016,2015-12-22,7
HOUSEHOLD_2_453,2013-11-21,0
HOUSEHOLD_2_270,2014-12-23,0
FOODS_3_204,2014-01-07,2
HOUSEHOLD_2_239,2014-04-23,1
HOBBIES_1_170,2013-08-04,1
HOBBIES_1_150,2013-06-27,1
HOUSEHOLD_2_239,2015-09-29,4
FOODS_2_366,2012-05-05,0
HOBBIES_2_026,2015-11-01,0
HOUSEHOLD_2_453,2015-03-11,1
HOUSEHOLD_1_404,2013-10-30,0
HOBBIES_1_372,2016-02-01,0
FOODS_3_204,2015-07-06,0
HOBBIES_1_341,2014-03-14,11
HOUSEHOLD_2_366,2014-04-16,0
HOUSEHOLD_1_436,2015-03-08,2
HOBBIES_2_143,2011-08-11,0
FOODS_2_307,2013-04-28,4
FOODS_2_301,2014-12-09,0
HOBBIES_1_072,2013-01-02,0
HOUSEHOLD_2_366,2012-02-06,1
HOBBIES_1_237,2013-10-02,0
HOUSEHOLD_1_077,2014-02-25,0
HOBBIES_1_181,2015-02-07,0
HOUSEHOLD_2_056,2015-04-11,1
FOODS_2_280,2011-03-04,0
FOODS_2_307,2013-09-12,3
HOBBIES_1_296,2014-02-21,1
HOBBIES_1_006,2013-06-03,0
FOODS_3_698,2014-08-14,2
HOBBIES_1_061,2014-06-05,0
FOODS_3_012,2012-01-01,0
HOUSEHOLD_1_339,2012-12-22,5
HOBBIES_1_380,2014-12-24,3
HOBBIES_1_077,2014-02-15,0
HOBBIES_1_170,2015-10-07,0
FOODS_3_204,2015-05-10,1
HOBBIES_1_302,2013-03-28,0
FOODS_2_016,2016-03-19,4
HOUSEHOLD_2_056,2012-12-12,0
HOBBIES_2_143,2011-09-02,0
HOUSEHOLD_1_149,2015-06-10,3
HOBBIES_1_077,2014-11-18,0
HOBBIES_1_072,2014-06-08,2
HOUSEHOLD_2_514,2012-12-05,1
FOODS_2_016,2013-04-21,12
HOUSEHOLD_2_082,2014-04-26,1
FOODS_3_561,2015-03-31,3
HOUSEHOLD_2_366,2015-02-09,1
FOODS_3_674,2011-08-07,3
HOUSEHOLD_1_404,2014-09-26,0
HOBBIES_1_234,2012-12-23,0
HOUSEHOLD_1_312,2016-04-02,0
HOUSEHOLD_2_476,2015-06-19,0
HOBBIES_1_372,2011-04-20,0
HOUSEHOLD_1_265,2016-01-24,0
HOUSEHOLD_2_476,2013-06-20,0
HOUSEHOLD_2_211,2015-01-20,0
FOODS_3_511,2013-05-27,15
HOUSEHOLD_2_116,2013-02-20,0
FOODS_2_280,2016-01-12,0
FOODS_1_010,2015-01-26,1
FOODS_2_366,2014-11-24,0
HOBBIES_1_164,2015-05-04,1
HOBBIES_1_237,2013-06-08,1
FOODS_3_771,2013-03-17,3
FOODS_3_014,2012-11-05,0
HOBBIES_1_270,2016-02-10,0
HOUSEHOLD_2_244,2014-11-09,0
FOODS_3_204,2014-09-26,0
FOODS_3_822,2014-07-23,0
HOBBIES_1_006,2014-07-21,6
HOBBIES_1_006,2015-11-01,0
FOODS_2_246,2016-01-29,2
FOODS_3_623,2013-06-11,1
HOUSEHOLD_2_199,2013-10-25,0
HOUSEHOLD_1_271,2014-01-06,1
FOODS_3_057,2012-10-02,1
HOUSEHOLD_2_270,2011-04-21,0
HOUSEHOLD_1_335,2014-02-08,0
HOUSEHOLD_1_138,2011-06-25,0
HOBBIES_1_150,2015-03-04,0
FOODS_1_010,2015-12-01,0
FOODS_3_822,2014-03-14,4
HOBBIES_1_141,2012-12-05,2
FOODS_3_482,2015-07-26,2
HOUSEHOLD_2_056,2012-05-28,0
HOUSEHOLD_1_171,2015-05-04,2
FOODS_3_231,2011-12-13,2
HOBBIES_2_097,2012-06-03,1
HOUSEHOLD_2_250,2015-12-14,0
HOUSEHOLD_1_537,2011-11-22,0
HOUSEHOLD_2_366,2016-03-14,0
FOODS_2_380,2011-12-16,2
