model,original_feature,importance
random_forest,rolling_mean_7,0.20341750278789084
random_forest,rolling_mean_28,0.1748808829569468
random_forest,rolling_std_7,0.10544487660094132
random_forest,lag_7,0.08907104918660827
random_forest,lag_1,0.0888296934712358
random_forest,item_id,0.0877464462006574
random_forest,lag_14,0.0852393535355113
random_forest,lag_28,0.06225739240468334
random_forest,weekday,0.027564955213005827
random_forest,sell_price,0.025109437224915123
random_forest,month,0.021440254228669707
random_forest,dept_id,0.016249134221169144
random_forest,cat_id,0.010689490945216998
random_forest,event_indicator,0.0019430126945255276
random_forest,price_change,0.00011651832802274231
xgboost,item_id,0.2204673211745103
xgboost,rolling_mean_28,0.1419725865125656
xgboost,month,0.13769165752455592
xgboost,rolling_mean_7,0.1309628188610077
xgboost,weekday,0.1058822525665164
xgboost,dept_id,0.0812237998470664
xgboost,cat_id,0.04742373083718121
xgboost,lag_1,0.02173464000225067
xgboost,rolling_std_7,0.020615337416529655
xgboost,lag_14,0.020155249163508415
xgboost,sell_price,0.01900814287364483
xgboost,lag_28,0.015850378200411797
xgboost,event_indicator,0.014486925676465034
xgboost,lag_7,0.012314680963754654
xgboost,price_change,0.010210549458861351
